ID,artist,title,picture data,file info,jpg url
31313,PIERO DELLA FRANCESCA,8. battle between heraclius and chosroes (detail),"1452-66, fresco, san francesco, arezzo","1000*1181, true color, 207 kb",https://www.wga.hu/art/p/piero/2/8/8herac18.jpg
31314,PIERO DELLA FRANCESCA,8. battle between heraclius and chosroes (detail),"1452-66, fresco, san francesco, arezzo","850*968, true color, 179 kb",https://www.wga.hu/art/p/piero/2/8/8herac19.jpg
31315,PIERO DELLA FRANCESCA,9. exaltation of the cross,"1452-66, fresco, 390 x 747 cm, san francesco, arezzo","1239*900, true color, 213 kb",https://www.wga.hu/art/p/piero/2/9/9exal01.jpg
31316,PIERO DELLA FRANCESCA,9. exaltation of the cross (detail),"1452-66, fresco, san francesco, arezzo","1000*1170, true color, 214 kb",https://www.wga.hu/art/p/piero/2/9/9exal02.jpg
31317,PIERO DELLA FRANCESCA,9. exaltation of the cross (detail),"1452-66, fresco, san francesco, arezzo","900*1053, true color, 203 kb",https://www.wga.hu/art/p/piero/2/9/9exal03.jpg
31318,PIERO DELLA FRANCESCA,9. exaltation of the cross (detail),"1452-66, fresco, san francesco, arezzo","800*933, true color, 205 kb",https://www.wga.hu/art/p/piero/2/9/9exal04.jpg
31319,PIERO DELLA FRANCESCA,9. exaltation of the cross (detail),"1452-66, fresco, san francesco, arezzo","800*938, true color, 198 kb",https://www.wga.hu/art/p/piero/2/9/9exal05.jpg
31320,PIERO DELLA FRANCESCA,9. exaltation of the cross (detail),"1452-66, fresco, san francesco, arezzo","1000*1156, true color, 178 kb",https://www.wga.hu/art/p/piero/2/9/9exal06.jpg
31321,PIERO DELLA FRANCESCA,9. exaltation of the cross (detail),"1452-66, fresco, san francesco, arezzo","1215*700, true color, 182 kb",https://www.wga.hu/art/p/piero/2/9/9exal07.jpg
31322,PIERO DELLA FRANCESCA,9. exaltation of the cross (detail),"1452-66, fresco, san francesco, arezzo","1000*1170, true color, 214 kb",https://www.wga.hu/art/p/piero/2/9/9exal08.jpg
31323,PIERO DELLA FRANCESCA,10. annunciation (detail),"1452-66, fresco, san francesco, arezzo","800*942, true color, 172 kb",https://www.wga.hu/art/p/piero/2/91/91annun6.jpg
31324,PIERO DELLA FRANCESCA,10. annunciation (detail),"1452-66, fresco, san francesco, arezzo","850*1002, true color, 192 kb",https://www.wga.hu/art/p/piero/2/91/91annun2.jpg
31325,PIERO DELLA FRANCESCA,10. annunciation (detail),"1452-66, fresco, san francesco, arezzo","900*1178, true color, 183 kb",https://www.wga.hu/art/p/piero/2/91/91annun3.jpg
31326,PIERO DELLA FRANCESCA,10. annunciation (detail),"1452-66, fresco, san francesco, arezzo","900*1401, true color, 213 kb",https://www.wga.hu/art/p/piero/2/91/91annun4.jpg
31327,PIERO DELLA FRANCESCA,10. annunciation (detail),"1452-66, fresco, san francesco, arezzo","800*929, true color, 175 kb",https://www.wga.hu/art/p/piero/2/91/91annun5.jpg
31328,PIERO DELLA FRANCESCA,8. battle between heraclius and chosroes (detail),"1452-66, fresco, san francesco, arezzo","1400*809, true color, 204 kb",https://www.wga.hu/art/p/piero/2/8/8herac17.jpg
31329,PIERO DELLA FRANCESCA,10. annunciation (detail),"1452-66, fresco, san francesco, arezzo","800*925, true color, 145 kb",https://www.wga.hu/art/p/piero/2/91/91annun7.jpg
31330,PIERO DELLA FRANCESCA,10. annunciation (detail),"1452-66, fresco, san francesco, arezzo","800*931, true color, 164 kb",https://www.wga.hu/art/p/piero/2/91/91annun8.jpg
31331,PIERO DELLA FRANCESCA,the prophet jeremiah,"1452-66, fresco, san francesco, arezzo","900*1219, true color, 168 kb",https://www.wga.hu/art/p/piero/2/92/92decor1.jpg
31332,PIERO DELLA FRANCESCA,cupid blindfolded,"1452-66, fresco, san francesco, arezzo","800*1016, true color, 171 kb",https://www.wga.hu/art/p/piero/2/92/92decor2.jpg
31333,PIERO DELLA FRANCESCA,10. annunciation,"1452-66, fresco, 329 x 193 cm, san francesco, arezzo","846*1400, true color, 219 kb",https://www.wga.hu/art/p/piero/2/91/91annun1.jpg
31334,PIERO DELLA FRANCESCA,8. battle between heraclius and chosroes (detail),"1452-66, fresco, san francesco, arezzo","1000*1169, true color, 210 kb",https://www.wga.hu/art/p/piero/2/8/8herac16.jpg
31335,PIERO DELLA FRANCESCA,8. battle between heraclius and chosroes (detail),"1452-66, fresco, san francesco, arezzo","800*944, true color, 147 kb",https://www.wga.hu/art/p/piero/2/8/8herac10.jpg
31336,PIERO DELLA FRANCESCA,8. battle between heraclius and chosroes (detail),"1452-66, fresco, san francesco, arezzo","1000*1156, true color, 197 kb",https://www.wga.hu/art/p/piero/2/8/8herac14.jpg
31337,PIERO DELLA FRANCESCA,7b. recognition of the true cross (detail),"1452-66, fresco, san francesco, arezzo","1000*1148, true color, 201 kb",https://www.wga.hu/art/p/piero/2/7/7find12.jpg
31338,PIERO DELLA FRANCESCA,7b. recognition of the true cross (detail),"1452-66, fresco, san francesco, arezzo","1000*1169, true color, 214 kb",https://www.wga.hu/art/p/piero/2/7/7find13.jpg
31339,PIERO DELLA FRANCESCA,7b. recognition of the true cross (detail),"1452-66, fresco, san francesco, arezzo","900*1031, true color, 172 kb",https://www.wga.hu/art/p/piero/2/7/7find14.jpg
31340,PIERO DELLA FRANCESCA,7b. recognition of the true cross (detail),"1452-66, fresco, san francesco, arezzo","1000*1170, true color, 188 kb",https://www.wga.hu/art/p/piero/2/7/7find15.jpg
31341,PIERO DELLA FRANCESCA,7b. recognition of the true cross (detail),"1452-66, fresco, san francesco, arezzo","800*927, true color, 132 kb",https://www.wga.hu/art/p/piero/2/7/7find16.jpg
31342,PIERO DELLA FRANCESCA,7b. recognition of the true cross (detail),"1452-66, fresco, san francesco, arezzo","900*1042, true color, 197 kb",https://www.wga.hu/art/p/piero/2/7/7find17.jpg
31343,PIERO DELLA FRANCESCA,7b. recognition of the true cross (detail),"1452-66, fresco, san francesco, arezzo","850*990, true color, 132 kb",https://www.wga.hu/art/p/piero/2/7/7find18.jpg
31344,PIERO DELLA FRANCESCA,8. battle between heraclius and chosroes,"1452-66, fresco, 329 x 747 cm, san francesco, arezzo","1600*721, true color, 237 kb",https://www.wga.hu/art/p/piero/2/8/8herac01.jpg
31345,PIERO DELLA FRANCESCA,8. battle between heraclius and chosroes (detail),"1452-66, fresco, san francesco, arezzo","1100*1000, true color, 206 kb",https://www.wga.hu/art/p/piero/2/8/8herac02.jpg
31346,PIERO DELLA FRANCESCA,8. battle between heraclius and chosroes (detail),"1452-66, fresco, san francesco, arezzo","900*1055, true color, 180 kb",https://www.wga.hu/art/p/piero/2/8/8herac15.jpg
31347,PIERO DELLA FRANCESCA,8. battle between heraclius and chosroes (detail),"1452-66, fresco, san francesco, arezzo","900*1055, true color, 206 kb",https://www.wga.hu/art/p/piero/2/8/8herac03.jpg
31348,PIERO DELLA FRANCESCA,8. battle between heraclius and chosroes (detail),"1452-66, fresco, san francesco, arezzo","900*1058, true color, 172 kb",https://www.wga.hu/art/p/piero/2/8/8herac05.jpg
31349,PIERO DELLA FRANCESCA,8. battle between heraclius and chosroes (detail),"1452-66, fresco, san francesco, arezzo","850*989, true color, 187 kb",https://www.wga.hu/art/p/piero/2/8/8herac06.jpg
31350,PIERO DELLA FRANCESCA,8. battle between heraclius and chosroes (detail),"1452-66, fresco, san francesco, arezzo","850*922, true color, 162 kb",https://www.wga.hu/art/p/piero/2/8/8herac07.jpg
31351,PIERO DELLA FRANCESCA,8. battle between heraclius and chosroes (detail),"1452-66, fresco, san francesco, arezzo","1400*810, true color, 208 kb",https://www.wga.hu/art/p/piero/2/8/8herac08.jpg
31352,PIERO DELLA FRANCESCA,8. battle between heraclius and chosroes (detail),"1452-66, fresco, san francesco, arezzo","1000*1168, true color, 194 kb",https://www.wga.hu/art/p/piero/2/8/8herac09.jpg
31353,PIERO DELLA FRANCESCA,angel,"1452-66, fresco, san francesco, arezzo","900*1041, true color, 203 kb",https://www.wga.hu/art/p/piero/2/92/92decor3.jpg
31354,PIERO DELLA FRANCESCA,8. battle between heraclius and chosroes (detail),"1452-66, fresco, san francesco, arezzo","800*941, true color, 118 kb",https://www.wga.hu/art/p/piero/2/8/8herac11.jpg
31355,PIERO DELLA FRANCESCA,8. battle between heraclius and chosroes (detail),"1452-66, fresco, san francesco, arezzo","1116*1000, true color, 211 kb",https://www.wga.hu/art/p/piero/2/8/8herac12.jpg
31356,PIERO DELLA FRANCESCA,8. battle between heraclius and chosroes (detail),"1452-66, fresco, san francesco, arezzo","1000*1167, true color, 209 kb",https://www.wga.hu/art/p/piero/2/8/8herac13.jpg
31357,PIERO DELLA FRANCESCA,8. battle between heraclius and chosroes (detail),"1452-66, fresco, san francesco, arezzo","900*1057, true color, 187 kb",https://www.wga.hu/art/p/piero/2/8/8herac04.jpg
31358,PIERO DELLA FRANCESCA,angel,"1452-66, fresco, san francesco, arezzo","800*1213, true color, 190 kb",https://www.wga.hu/art/p/piero/2/92/92decor4.jpg
31359,PIERO DELLA FRANCESCA,baptism of christ (detail),"1448-50, egg tempera on poplar panel, national gallery, london","800*970, true color, 141 kb",https://www.wga.hu/art/p/piero/3/02bapti2.jpg
31360,PIERO DELLA FRANCESCA,a detail after and before restoration,"-, fresco, san francesco, arezzo","1400*688, true color, 186 kb",https://www.wga.hu/art/p/piero/2/93/93restau2.jpg
31361,PIERO DELLA FRANCESCA,montefeltro altarpiece (detail),"1472-74, oil on panel, pinacoteca di brera, milan","856*1032, true color, 155 kb",https://www.wga.hu/art/p/piero/3/12monte3.jpg
31362,PIERO DELLA FRANCESCA,montefeltro altarpiece (detail),"1472-74, oil on panel, pinacoteca di brera, milan","900*1344, true color, 153 kb",https://www.wga.hu/art/p/piero/3/12monte4.jpg
31363,PIERO DELLA FRANCESCA,montefeltro altarpiece (detail),"1472-74, oil and tempera on panel, pinacoteca di brera, milan","1006*850, true color, 184 kb",https://www.wga.hu/art/p/piero/3/12monte5.jpg
31364,PIERO DELLA FRANCESCA,nativity,"1470-75, oil on poplar panel, 124 x 123 cm, national gallery, london","1050*1060, true color, 226 kb",https://www.wga.hu/art/p/piero/3/13nativ1.jpg
31365,PIERO DELLA FRANCESCA,nativity (detail),"1470-75, oil on poplar panel, national gallery, london","1000*1206, true color, 225 kb",https://www.wga.hu/art/p/piero/3/13nativ2.jpg
31366,PIERO DELLA FRANCESCA,nativity (detail),"1470-75, oil on poplar panel, national gallery, london","1400*822, true color, 228 kb",https://www.wga.hu/art/p/piero/3/13nativ3.jpg
31367,PIERO DELLA FRANCESCA,nativity (detail),"1470-75, oil on poplar panel, national gallery, london","788*1600, true color, 192 kb",https://www.wga.hu/art/p/piero/3/13nativ4.jpg
31368,PIERO DELLA FRANCESCA,sigismondo pandolfo malatesta,"1451, oil and tempera on panel, 44 x 34 cm, musée du louvre, paris","802*1065, true color, 137 kb",https://www.wga.hu/art/p/piero/4/malatest.jpg
31369,PIERO DELLA FRANCESCA,portraits of federico da montefeltro and his wife battista sforza,"1473-75, oil on wood, 47 x 33 cm (each), galleria degli uffizi, florence","1277*1000, true color, 236 kb",https://www.wga.hu/art/p/piero/4/montefe0.jpg
31370,PIERO DELLA FRANCESCA,montefeltro altarpiece (detail),"1472-74, oil on panel, pinacoteca di brera, milan","1117*1200, true color, 199 kb",https://www.wga.hu/art/p/piero/3/12monte2.jpg
31371,PIERO DELLA FRANCESCA,portraits of federico da montefeltro and his wife battista sforza,"1473-75, oil on wood, 47 x 33 cm (each), galleria degli uffizi, florence","1400*1068, true color, 293 kb",https://www.wga.hu/art/p/piero/4/montefe1.jpg
31372,PIERO DELLA FRANCESCA,portraits of federico da montefeltro and his wife battista sforza (reverse sides),"1473-75, oil on wood, 47 x 33 cm (each), galleria degli uffizi, florence","1259*1000, true color, 246 kb",https://www.wga.hu/art/p/piero/4/montefe3.jpg
31373,PIERO DELLA FRANCESCA,portraits of federico da montefeltro and his wife battista sforza (reverse sides),"1473-75, oil on wood, 47 x 33 cm (each), galleria degli uffizi, florence","1205*850, true color, 174 kb",https://www.wga.hu/art/p/piero/4/montefe4.jpg
31374,PIERO DELLA FRANCESCA,portrait of federico da montefeltro,"1473-75, oil on wood, 47 x 33 cm, galleria degli uffizi, florence","850*1208, true color, 144 kb",https://www.wga.hu/art/p/piero/4/montefe5.jpg
31375,PIERO DELLA FRANCESCA,triumph of federico da montefeltro,"1473-75, oil on wood, 47 x 33 cm, galleria degli uffizi, florence","1044*1500, true color, 247 kb",https://www.wga.hu/art/p/piero/4/montefe6.jpg
31376,PIERO DELLA FRANCESCA,portrait of battista sforza,"1473-75, oil on wood, 47 x 33 cm, galleria degli uffizi, florence","850*1204, true color, 152 kb",https://www.wga.hu/art/p/piero/4/montefe7.jpg
31377,PIERO DELLA FRANCESCA,triumph of battista sforza,"1473-75, oil on wood, 47 x 33 cm, galleria degli uffizi, florence","1055*1500, true color, 290 kb",https://www.wga.hu/art/p/piero/4/montefe8.jpg
31378,PIERO DELLA FRANCESCA,ideal city,"c. 1470, panel, 60 x 200 cm, galleria nazionale delle marche, urbino","2000*542, true color, 169 kb",https://www.wga.hu/art/p/piero/5/idealcit.jpg
31379,PIERO DELLA FRANCESCA,st ludovico,"c. 1460, fresco, 123 x 90 cm, pinacoteca comunale, sansepolcro","800*1122, true color, 169 kb",https://www.wga.hu/art/p/piero/5/ludovico.jpg
31380,PIERO DELLA FRANCESCA,virgin and child,"-, panel, 62 x 53 cm, collezione vittorio cini, venice","1046*1194, true color, 180 kb",https://www.wga.hu/art/p/piero/5/villamar.jpg
31381,PIERO DELLA FRANCESCA,portraits of federico da montefeltro and his wife battista sforza,"1473-75, oil on wood, 47 x 33 cm (each), galleria degli uffizi, florence","1235*850, true color, 141 kb",https://www.wga.hu/art/p/piero/4/montefe2.jpg
31382,PIERO DELLA FRANCESCA,madonna and child with saints (montefeltro altarpiece),"1472-74, oil and tempera on panel, 248 x 170 cm, pinacoteca di brera, milan","900*1308, true color, 237 kb",https://www.wga.hu/art/p/piero/3/12monte1.jpg
31383,PIERO DELLA FRANCESCA,madonna of senigallia,"c. 1470, panel, 61 x 53 cm, galleria nazionale delle marche, urbino","1039*1200, true color, 178 kb",https://www.wga.hu/art/p/piero/3/11seniga.jpg
31384,PIERO DELLA FRANCESCA,madonna del parto,"1467, detached fresco, 260 x 203 cm, chapel of the cemetery, monterchi (arezzo)","1000*1260, true color, 163 kb",https://www.wga.hu/art/p/piero/3/10parto.jpg
31385,PIERO DELLA FRANCESCA,scene after and before restoration,"-, fresco, san francesco, arezzo","1057*1000, true color, 194 kb",https://www.wga.hu/art/p/piero/2/93/93restau3.jpg
31386,PIERO DELLA FRANCESCA,a detail after and before restoration,"-, fresco, san francesco, arezzo","1313*850, true color, 196 kb",https://www.wga.hu/art/p/piero/2/93/93restau4.jpg
31387,PIERO DELLA FRANCESCA,the penance of st jerome,"c. 1450, panel, 51 x 38 cm, staatliche museen, berlin","850*1144, true color, 187 kb",https://www.wga.hu/art/p/piero/3/01jerome.jpg
31388,PIERO DELLA FRANCESCA,baptism of christ,"1448-50, egg tempera on poplar panel, 167 x 116 cm, national gallery, london","940*1300, true color, 244 kb",https://www.wga.hu/art/p/piero/3/02bapti1.jpg
31389,PIERO DELLA FRANCESCA,7b. recognition of the true cross (detail),"1452-66, fresco, san francesco, arezzo","1026*973, true color, 170 kb",https://www.wga.hu/art/p/piero/2/7/7find11.jpg
31390,PIERO DELLA FRANCESCA,baptism of christ (detail),"1448-50, egg tempera on poplar panel, national gallery, london","800*957, true color, 129 kb",https://www.wga.hu/art/p/piero/3/02bapti3.jpg
31391,PIERO DELLA FRANCESCA,st jerome and a donor,"1451, panel, 49 x 42 cm, gallerie dell'accademia, venice","900*1112, true color, 173 kb",https://www.wga.hu/art/p/piero/3/03jerome.jpg
31392,PIERO DELLA FRANCESCA,st sigismund and sigismondo pandolfo malatesta,"1451, fresco, 257 x 345 cm, tempio malatestiano, rimini","1150*800, true color, 183 kb",https://www.wga.hu/art/p/piero/3/03sigism.jpg
31393,PIERO DELLA FRANCESCA,the flagellation,"c. 1455, oil and tempera on panel, 59 x 82 cm, galleria nazionale delle marche, urbino","1374*1000, true color, 250 kb",https://www.wga.hu/art/p/piero/3/04flage1.jpg
31394,PIERO DELLA FRANCESCA,the flagellation (detail),"c. 1455, oil and tempera on panel, galleria nazionale delle marche, urbino","1100*1127, true color, 229 kb",https://www.wga.hu/art/p/piero/3/04flage2.jpg
31395,PIERO DELLA FRANCESCA,the flagellation (detail),"c. 1455, oil and tempera on panel, galleria nazionale delle marche, urbino","923*1300, true color, 198 kb",https://www.wga.hu/art/p/piero/3/04flage3.jpg
31396,PIERO DELLA FRANCESCA,the flagellation (detail),"c. 1455, oil and tempera on panel,, galleria nazionale delle marche, urbino","1000*1205, true color, 189 kb",https://www.wga.hu/art/p/piero/3/04flage4.jpg
31397,PIERO DELLA FRANCESCA,st julian,"1455-60, fresco, 130 x 105 cm, pinacoteca comunale, sansepolcro","709*920, true color, 166 kb",https://www.wga.hu/art/p/piero/3/05julian.jpg
31398,PIERO DELLA FRANCESCA,saint mary magdalen,"1460, fresco, 190 x 105 cm, duomo, arezzo","715*1500, true color, 190 kb",https://www.wga.hu/art/p/piero/3/06magdal.jpg
31399,PIERO DELLA FRANCESCA,madonna and child attended by angels,"1460-65, oil on panel, transferred to fabric on panel, 108 x 78 cm, the clark art institute, williamstown","1168*1600, true color, 258 kb",https://www.wga.hu/art/p/piero/3/07clark1.jpg
31400,PIERO DELLA FRANCESCA,madonna and child attended by angels (detail),"1460-65, oil on wood, the clark art institute, williamstown","708*1200, true color, 174 kb",https://www.wga.hu/art/p/piero/3/07clark2.jpg
31401,PIERO DELLA FRANCESCA,madonna and child attended by angels (detail),"1460-65, oil on wood, the clark art institute, williamstown","900*1050, true color, 222 kb",https://www.wga.hu/art/p/piero/3/07clark3.jpg
31402,PIERO DELLA FRANCESCA,resurrection,"1463-65, mural in fresco and tempera, 225 x 200 cm, pinacoteca comunale, sansepolcro","1130*1200, true color, 222 kb",https://www.wga.hu/art/p/piero/3/08resur1.jpg
31403,PIERO DELLA FRANCESCA,resurrection (detail),"1463-65, mural in fresco and tempera, pinacoteca comunale, sansepolcro","918*763, true color, 124 kb",https://www.wga.hu/art/p/piero/3/08resur2.jpg
31404,PIERO DELLA FRANCESCA,resurrection (detail),"1463-65, mural in fresco and tempera, pinacoteca comunale, sansepolcro","1278*795, true color, 198 kb",https://www.wga.hu/art/p/piero/3/08resur3.jpg
31405,PIERO DELLA FRANCESCA,hercules,"c. 1465, fresco, 151 x 126 cm, isabella stewart gardner museum, boston","935*1100, true color, 139 kb",https://www.wga.hu/art/p/piero/3/09hercul.jpg
31406,PIERO DELLA FRANCESCA,scene after and before restoration,"-, fresco, san francesco, arezzo","900*1302, true color, 214 kb",https://www.wga.hu/art/p/piero/2/93/93restau1.jpg
31407,PIERO DELLA FRANCESCA,7b. recognition of the true cross,"1452-66, fresco, san francesco, arezzo","1091*1000, true color, 222 kb",https://www.wga.hu/art/p/piero/2/7/7find10.jpg
31408,PIERO DELLA FRANCESCA,polyptych of st augustine: st john the evangelist,"c. 1460, tempera on panel, 132 x 58 cm, frick collection, new york","702*1600, true color, 155 kb",https://www.wga.hu/art/p/piero/1/2august3.jpg
31409,PIERO DELLA FRANCESCA,7a. finding of the true cross (detail),"1452-66, fresco, san francesco, arezzo","1045*764, true color, 138 kb",https://www.wga.hu/art/p/piero/2/7/7find08.jpg
31410,PIERO DELLA FRANCESCA,polyptych of st anthony: the stigmatisation of st francis,"c. 1460, panel, 37 x 52 cm, galleria nazionale dell'umbria, perugia","1093*770, true color, 106 kb",https://www.wga.hu/art/p/piero/1/3anton09.jpg
31411,PIERO DELLA FRANCESCA,polyptych of st anthony: st elizabeth saves a boy,"c. 1460, panel, 36 x 49 cm, galleria nazionale dell'umbria, perugia","1037*770, true color, 124 kb",https://www.wga.hu/art/p/piero/1/3anton10.jpg
31412,PIERO DELLA FRANCESCA,1. death of adam,"1452-66, fresco, 390 x 747 cm, san francesco, arezzo","1211*850, true color, 188 kb",https://www.wga.hu/art/p/piero/2/1/1adam01.jpg
31413,PIERO DELLA FRANCESCA,1. death of adam,"1452-66, fresco, 390 x 747 cm, san francesco, arezzo","1283*900, true color, 216 kb",https://www.wga.hu/art/p/piero/2/1/1adam02.jpg
31414,PIERO DELLA FRANCESCA,1. death of adam (detail),"1452-66, fresco, san francesco, arezzo","1000*1165, true color, 195 kb",https://www.wga.hu/art/p/piero/2/1/1adam03.jpg
31415,PIERO DELLA FRANCESCA,1. death of adam (detail),"1452-66, fresco, san francesco, arezzo","1012*900, true color, 156 kb",https://www.wga.hu/art/p/piero/2/1/1adam04.jpg
31416,PIERO DELLA FRANCESCA,1. death of adam (detail),"1452-66, fresco, san francesco, arezzo","900*1054, true color, 184 kb",https://www.wga.hu/art/p/piero/2/1/1adam05.jpg
31417,PIERO DELLA FRANCESCA,1. death of adam (detail),"1452-66, fresco, san francesco, arezzo","800*935, true color, 182 kb",https://www.wga.hu/art/p/piero/2/1/1adam06.jpg
31418,PIERO DELLA FRANCESCA,1. death of adam (detail),"1452-66, fresco, san francesco, arezzo","800*935, true color, 183 kb",https://www.wga.hu/art/p/piero/2/1/1adam07.jpg
31419,PIERO DELLA FRANCESCA,polyptych of st anthony: st anthony resurrects a child,"c. 1460, panel, 37 x 49 cm, galleria nazionale dell'umbria, perugia","1031*770, true color, 116 kb",https://www.wga.hu/art/p/piero/1/3anton08.jpg
31420,PIERO DELLA FRANCESCA,1. death of adam (detail),"1452-66, fresco, san francesco, arezzo","850*992, true color, 183 kb",https://www.wga.hu/art/p/piero/2/1/1adam08.jpg
31421,PIERO DELLA FRANCESCA,1. death of adam (detail),"1452-66, fresco, san francesco, arezzo","900*1049, true color, 185 kb",https://www.wga.hu/art/p/piero/2/1/1adam10.jpg
31422,PIERO DELLA FRANCESCA,1. death of adam (detail),"1452-66, fresco, san francesco, arezzo","900*1052, true color, 177 kb",https://www.wga.hu/art/p/piero/2/1/1adam11.jpg
31423,PIERO DELLA FRANCESCA,1. death of adam (detail),"1452-66, fresco, san francesco, arezzo","900*1051, true color, 171 kb",https://www.wga.hu/art/p/piero/2/1/1adam12.jpg
31424,PIERO DELLA FRANCESCA,1. death of adam (detail),"1452-66, fresco, san francesco, arezzo","900*1048, true color, 212 kb",https://www.wga.hu/art/p/piero/2/1/1adam13.jpg
31425,PIERO DELLA FRANCESCA,2. procession of the queen of sheba; meeting between the queen of sheba and king solomon,"1452-66, fresco, 336 x 747 cm, san francesco, arezzo","1600*725, true color, 225 kb",https://www.wga.hu/art/p/piero/2/2/2proce01.jpg
31426,PIERO DELLA FRANCESCA,2a. procession of the queen of sheba,"1452-66, fresco, san francesco, arezzo","1094*1000, true color, 214 kb",https://www.wga.hu/art/p/piero/2/2/2proce02.jpg
31427,PIERO DELLA FRANCESCA,2a. procession of the queen of sheba (detail),"1452-66, fresco, san francesco, arezzo","1000*1171, true color, 199 kb",https://www.wga.hu/art/p/piero/2/2/2proce03.jpg
31428,PIERO DELLA FRANCESCA,2a. procession of the queen of sheba (detail),"1452-66, fresco, san francesco, arezzo","1000*1221, true color, 201 kb",https://www.wga.hu/art/p/piero/2/2/2proce04.jpg
31429,PIERO DELLA FRANCESCA,2a. procession of the queen of sheba (detail),"1452-66, fresco, san francesco, arezzo","1403*800, true color, 191 kb",https://www.wga.hu/art/p/piero/2/2/2proce05.jpg
31430,PIERO DELLA FRANCESCA,1. death of adam (detail),"1452-66, fresco, san francesco, arezzo","900*1048, true color, 155 kb",https://www.wga.hu/art/p/piero/2/1/1adam09.jpg
31431,PIERO DELLA FRANCESCA,2a. procession of the queen of sheba (detail),"1452-66, fresco, san francesco, arezzo","1000*1154, true color, 204 kb",https://www.wga.hu/art/p/piero/2/2/2proce06.jpg
31432,PIERO DELLA FRANCESCA,polyptych of st anthony: st agatha,"c. 1460, panel, 21 x 39 cm, galleria nazionale dell'umbria, perugia","1375*558, true color, 99 kb",https://www.wga.hu/art/p/piero/1/3anton07.jpg
31433,PIERO DELLA FRANCESCA,polyptych of st anthony: the annunciation,"c. 1470, panel, 122 x 194 cm, galleria nazionale dell'umbria, perugia","1209*1000, true color, 152 kb",https://www.wga.hu/art/p/piero/1/3anton05.jpg
31434,PIERO DELLA FRANCESCA,polyptych of the misericordia,"1445-62, oil and tempera on panel, base 330 cm, height 273 cm, pinacoteca comunale, sansepolcro","1200*1064, true color, 172 kb",https://www.wga.hu/art/p/piero/1/1miser01.jpg
31435,PIERO DELLA FRANCESCA,polyptych of the misericordia: sts sebastian and john the baptist,"1445-62, oil and tempera on panel, 108 x 90 cm, pinacoteca comunale, sansepolcro","1000*1233, true color, 199 kb",https://www.wga.hu/art/p/piero/1/1miser02.jpg
31436,PIERO DELLA FRANCESCA,polyptych of the misericordia: sts andrew and bernardino,"1445-62, oil and tempera on panel, 108 x 90 cm, pinacoteca comunale, sansepolcro","1000*1235, true color, 218 kb",https://www.wga.hu/art/p/piero/1/1miser03.jpg
31437,PIERO DELLA FRANCESCA,polyptych of the misericordia: madonna of mercy,"1460-62, oil and tempera on panel, 134 x 91 cm, pinacoteca comunale, sansepolcro","900*1341, true color, 169 kb",https://www.wga.hu/art/p/piero/1/1miser04.jpg
31438,PIERO DELLA FRANCESCA,polyptych of the misericordia: crucifixion,"1445-62, oil and tempera on panel, 81 x 52 cm, pinacoteca comunale, sansepolcro","738*1100, true color, 120 kb",https://www.wga.hu/art/p/piero/1/1miser05.jpg
31439,PIERO DELLA FRANCESCA,polyptych of the misericordia: st benedict,"1445-62, oil and tempera on panel, 54 x 21 cm, pinacoteca comunale, sansepolcro","500*1242, true color, 106 kb",https://www.wga.hu/art/p/piero/1/1miser06.jpg
31440,PIERO DELLA FRANCESCA,polyptych of the misericordia: archangel gabriel,"1445-62, oil and tempera on panel, 55 x 21 cm, pinacoteca comunale, sansepolcro","520*1300, true color, 121 kb",https://www.wga.hu/art/p/piero/1/1miser07.jpg
31441,PIERO DELLA FRANCESCA,polyptych of the misericordia: virgin annunciate,"1445-62, oil and tempera on panel, 54 x 21 cm, pinacoteca comunale, sansepolcro","522*1300, true color, 133 kb",https://www.wga.hu/art/p/piero/1/1miser08.jpg
31442,PIERO DELLA FRANCESCA,polyptych of the misericordia: st francis,"1445-62, oil and tempera on panel, 55 x 21 cm, pinacoteca comunale, sansepolcro","500*1251, true color, 123 kb",https://www.wga.hu/art/p/piero/1/1miser09.jpg
31443,PIERO DELLA FRANCESCA,polyptych of st anthony: st clare,"c. 1460, panel, 21 x 38 cm, galleria nazionale dell'umbria, perugia","1364*558, true color, 106 kb",https://www.wga.hu/art/p/piero/1/3anton06.jpg
31444,PIERO DELLA FRANCESCA,polyptych of st augustine: st augustine,"c. 1465, tempera on panel, 132 x 57 cm, museu nacional de arte antiga, lisbon","702*1600, true color, 193 kb",https://www.wga.hu/art/p/piero/1/2august1.jpg
31445,PIERO DELLA FRANCESCA,7a. finding of the true cross (detail),"1452-66, fresco, san francesco, arezzo","800*939, true color, 181 kb",https://www.wga.hu/art/p/piero/2/7/7find09.jpg
31446,PIERO DELLA FRANCESCA,polyptych of st augustine: st nicholas of tolentino,"c. 1465, tempera on panel, 133 x 60 cm, museo poldi pezzoli, milan","693*1600, true color, 172 kb",https://www.wga.hu/art/p/piero/1/2august4.jpg
31447,PIERO DELLA FRANCESCA,polyptych of st augustine: st monica,"c. 1460, tempera on panel, 39 x 28 cm, frick collection, new york","861*1200, true color, 151 kb",https://www.wga.hu/art/p/piero/1/2august5.jpg
31448,PIERO DELLA FRANCESCA,polyptych of st augustine: crucifixion,"c. 1460, tempera on panel, 37 x 41 cm, frick collection, new york","933*800, true color, 156 kb",https://www.wga.hu/art/p/piero/1/2august6.jpg
31449,PIERO DELLA FRANCESCA,polyptych of st augustine: augustinian saint,"c. 1460, tempera on panel, 39 x 28 cm, frick collection, new york","863*1200, true color, 158 kb",https://www.wga.hu/art/p/piero/1/2august7.jpg
31450,PIERO DELLA FRANCESCA,polyptych of st anthony,"c. 1470, panel, 338 x 230 cm, galleria nazionale dell'umbria, perugia","934*1500, true color, 184 kb",https://www.wga.hu/art/p/piero/1/3anton01.jpg
31451,PIERO DELLA FRANCESCA,polyptych of st anthony: st anthony and st john the baptist,"c. 1460, panel, 124 x 62 cm, galleria nazionale dell'umbria, perugia","800*1438, true color, 196 kb",https://www.wga.hu/art/p/piero/1/3anton02.jpg
31452,PIERO DELLA FRANCESCA,polyptych of st anthony: madonna and child,"c. 1460, panel, 141 x 65 cm, galleria nazionale dell'umbria, perugia","800*1601, true color, 218 kb",https://www.wga.hu/art/p/piero/1/3anton03.jpg
31453,PIERO DELLA FRANCESCA,polyptych of st anthony: st francis and st elizabeth,"c. 1460, panel, 124 x 64 cm, galleria nazionale dell'umbria, perugia","800*1415, true color, 207 kb",https://www.wga.hu/art/p/piero/1/3anton04.jpg
31454,PIERO DELLA FRANCESCA,polyptych of st augustine: st michael,"c. 1470, tempera on panel, 133 x 60 cm, national gallery, london","708*1600, true color, 188 kb",https://www.wga.hu/art/p/piero/1/2august2.jpg
31455,PIERO DELLA FRANCESCA,2a. procession of the queen of sheba (detail),"1452-66, fresco, san francesco, arezzo","1000*1155, true color, 179 kb",https://www.wga.hu/art/p/piero/2/2/2proce07.jpg
31456,PIERO DELLA FRANCESCA,polyptych of the misericordia: deposition,"1445-62, oil and tempera on panel, 23 x 70 cm, pinacoteca comunale, sansepolcro","2109*600, true color, 211 kb",https://www.wga.hu/art/p/piero/1/1miser10.jpg
31457,PIERO DELLA FRANCESCA,2a. procession of the queen of sheba (detail),"1452-66, fresco, san francesco, arezzo","900*1051, true color, 181 kb",https://www.wga.hu/art/p/piero/2/2/2proce09.jpg
31458,PIERO DELLA FRANCESCA,5. constantine's victory over maxentius (detail),"1452-66, fresco, san francesco, arezzo","800*951, true color, 164 kb",https://www.wga.hu/art/p/piero/2/5/5maxen07.jpg
31459,PIERO DELLA FRANCESCA,5. constantine's victory over maxentius (detail),"1452-66, fresco, san francesco, arezzo","800*944, true color, 113 kb",https://www.wga.hu/art/p/piero/2/5/5maxen08.jpg
31460,PIERO DELLA FRANCESCA,5. constantine's victory over maxentius (detail),"1452-66, fresco, san francesco, arezzo","1106*1000, true color, 192 kb",https://www.wga.hu/art/p/piero/2/5/5maxen09.jpg
31461,PIERO DELLA FRANCESCA,5. constantine's victory over maxentius (detail),"1452-66, fresco, san francesco, arezzo","1300*948, true color, 205 kb",https://www.wga.hu/art/p/piero/2/5/5maxen10.jpg
31462,PIERO DELLA FRANCESCA,5. constantine's victory over maxentius (detail),"1452-66, fresco, san francesco, arezzo","943*1100, true color, 226 kb",https://www.wga.hu/art/p/piero/2/5/5maxen11.jpg
31463,PIERO DELLA FRANCESCA,5. constantine's victory over maxentius (detail),"1452-66, fresco, san francesco, arezzo","900*1048, true color, 194 kb",https://www.wga.hu/art/p/piero/2/5/5maxen12.jpg
31464,PIERO DELLA FRANCESCA,5. constantine's victory over maxentius (detail),"1452-66, fresco, san francesco, arezzo","800*943, true color, 171 kb",https://www.wga.hu/art/p/piero/2/5/5maxen13.jpg
31465,PIERO DELLA FRANCESCA,5. constantine's victory over maxentius (detail),"1452-66, fresco, san francesco, arezzo","800*927, true color, 169 kb",https://www.wga.hu/art/p/piero/2/5/5maxen14.jpg
31466,PIERO DELLA FRANCESCA,6. torture of the jew (detail),"1452-66, fresco, san francesco, arezzo","941*1100, true color, 182 kb",https://www.wga.hu/art/p/piero/2/6/6tortur2.jpg
31467,PIERO DELLA FRANCESCA,5. constantine's victory over maxentius (detail),"1452-66, fresco, san francesco, arezzo","1300*952, true color, 209 kb",https://www.wga.hu/art/p/piero/2/5/5maxen06.jpg
31468,PIERO DELLA FRANCESCA,6. torture of the jew (detail),"1452-66, fresco, san francesco, arezzo","1000*1163, true color, 192 kb",https://www.wga.hu/art/p/piero/2/6/6tortur3.jpg
31469,PIERO DELLA FRANCESCA,6. torture of the jew (detail),"1452-66, fresco, san francesco, arezzo","800*936, true color, 178 kb",https://www.wga.hu/art/p/piero/2/6/6tortur5.jpg
31470,PIERO DELLA FRANCESCA,7. finding and recognition of the true cross,"1452-66, fresco, 356 x 747 cm, san francesco, arezzo","1600*729, true color, 231 kb",https://www.wga.hu/art/p/piero/2/7/7find01.jpg
31471,PIERO DELLA FRANCESCA,7a. finding of the true cross,"1452-66, fresco, san francesco, arezzo","1068*1000, true color, 193 kb",https://www.wga.hu/art/p/piero/2/7/7find02.jpg
31472,PIERO DELLA FRANCESCA,7a. finding of the true cross (detail),"1452-66, fresco, san francesco, arezzo","900*1060, true color, 171 kb",https://www.wga.hu/art/p/piero/2/7/7find03.jpg
31473,PIERO DELLA FRANCESCA,7a. finding of the true cross (detail),"1452-66, fresco, san francesco, arezzo","900*1053, true color, 205 kb",https://www.wga.hu/art/p/piero/2/7/7find04.jpg
31474,PIERO DELLA FRANCESCA,7a. finding of the true cross (detail),"1452-66, fresco, san francesco, arezzo","900*1051, true color, 181 kb",https://www.wga.hu/art/p/piero/2/7/7find05.jpg
31475,PIERO DELLA FRANCESCA,7a. finding of the true cross (detail),"1452-66, fresco, san francesco, arezzo","900*1052, true color, 158 kb",https://www.wga.hu/art/p/piero/2/7/7find06.jpg
31476,PIERO DELLA FRANCESCA,7a. finding of the true cross (detail),"1452-66, fresco, san francesco, arezzo","900*1056, true color, 197 kb",https://www.wga.hu/art/p/piero/2/7/7find07.jpg
31477,PIERO DELLA FRANCESCA,2a. procession of the queen of sheba (detail),"1452-66, fresco, san francesco, arezzo","950*1116, true color, 214 kb",https://www.wga.hu/art/p/piero/2/2/2proce08.jpg
31478,PIERO DELLA FRANCESCA,6. torture of the jew (detail),"1452-66, fresco, san francesco, arezzo","800*933, true color, 169 kb",https://www.wga.hu/art/p/piero/2/6/6tortur4.jpg
31479,PIERO DELLA FRANCESCA,5. constantine's victory over maxentius (detail),"1452-66, fresco, san francesco, arezzo","938*1100, true color, 203 kb",https://www.wga.hu/art/p/piero/2/5/5maxen05.jpg
31480,PIERO DELLA FRANCESCA,6. torture of the jew,"1452-66, fresco, 356 x 193 cm, san francesco, arezzo","842*1400, true color, 188 kb",https://www.wga.hu/art/p/piero/2/6/6tortur1.jpg
31481,PIERO DELLA FRANCESCA,5. constantine's victory over maxentius (detail),"1452-66, fresco, san francesco, arezzo","1000*1171, true color, 183 kb",https://www.wga.hu/art/p/piero/2/5/5maxen03.jpg
31482,PIERO DELLA FRANCESCA,2a. procession of the queen of sheba (detail),"1452-66, fresco, san francesco, arezzo","800*916, true color, 147 kb",https://www.wga.hu/art/p/piero/2/2/2proce10.jpg
31483,PIERO DELLA FRANCESCA,5. constantine's victory over maxentius (detail),"1452-66, fresco, san francesco, arezzo","1000*1174, true color, 209 kb",https://www.wga.hu/art/p/piero/2/5/5maxen04.jpg
31484,PIERO DELLA FRANCESCA,2b. meeting between the queen of sheba and king solomon,"1452-66, fresco, san francesco, arezzo","1000*1175, true color, 204 kb",https://www.wga.hu/art/p/piero/2/2/2proce12.jpg
31485,PIERO DELLA FRANCESCA,2b. meeting between the queen of sheba and king solomon,"1452-66, fresco, san francesco, arezzo","1000*1166, true color, 213 kb",https://www.wga.hu/art/p/piero/2/2/2proce13.jpg
31486,PIERO DELLA FRANCESCA,2b. meeting between the queen of sheba and king solomon,"1452-66, fresco, san francesco, arezzo","1000*1167, true color, 178 kb",https://www.wga.hu/art/p/piero/2/2/2proce14.jpg
31487,PIERO DELLA FRANCESCA,2b. meeting between the queen of sheba and king solomon,"1452-66, fresco, san francesco, arezzo","900*970, true color, 178 kb",https://www.wga.hu/art/p/piero/2/2/2proce15.jpg
31488,PIERO DELLA FRANCESCA,2b. meeting between the queen of sheba and king solomon,"1452-66, fresco, san francesco, arezzo","690*1001, true color, 136 kb",https://www.wga.hu/art/p/piero/2/2/2proce16.jpg
31489,PIERO DELLA FRANCESCA,2b. meeting between the queen of sheba and king solomon,"1452-66, fresco, san francesco, arezzo","800*936, true color, 141 kb",https://www.wga.hu/art/p/piero/2/2/2proce17.jpg
31490,PIERO DELLA FRANCESCA,3. burial of the holy wood,"1452-66, fresco, 356 x 190 cm, san francesco, arezzo","794*1400, true color, 174 kb",https://www.wga.hu/art/p/piero/2/3/3burial1.jpg
31491,PIERO DELLA FRANCESCA,3. burial of the holy wood (detail),"1452-66, fresco, san francesco, arezzo","860*1001, true color, 158 kb",https://www.wga.hu/art/p/piero/2/3/3burial2.jpg
31492,PIERO DELLA FRANCESCA,2b. meeting between the queen of sheba and king solomon,"1452-66, fresco, san francesco, arezzo","1093*1000, true color, 195 kb",https://www.wga.hu/art/p/piero/2/2/2proce11.jpg
31493,PIERO DELLA FRANCESCA,5. constantine's victory over maxentius,"1452-66, fresco, 322 x 764 cm, san francesco, arezzo","1600*717, true color, 220 kb",https://www.wga.hu/art/p/piero/2/5/5maxen01.jpg
31494,PIERO DELLA FRANCESCA,3. burial of the holy wood (detail),"1452-66, fresco, san francesco, arezzo","800*934, true color, 192 kb",https://www.wga.hu/art/p/piero/2/3/3burial4.jpg
31495,PIERO DELLA FRANCESCA,4. vision of constantine,"1452-66, fresco, 329 x 190 cm, san francesco, arezzo","784*1400, true color, 211 kb",https://www.wga.hu/art/p/piero/2/4/4vision1.jpg
31496,PIERO DELLA FRANCESCA,4. vision of constantine (detail),"1452-66, fresco, san francesco, arezzo","1000*1163, true color, 203 kb",https://www.wga.hu/art/p/piero/2/4/4vision2.jpg
31497,PIERO DELLA FRANCESCA,4. vision of constantine (detail),"1452-66, fresco, san francesco, arezzo","900*1047, true color, 181 kb",https://www.wga.hu/art/p/piero/2/4/4vision3.jpg
31498,PIERO DELLA FRANCESCA,4. vision of constantine (detail),"1452-66, fresco, san francesco, arezzo","900*1051, true color, 168 kb",https://www.wga.hu/art/p/piero/2/4/4vision4.jpg
31499,PIERO DELLA FRANCESCA,4. vision of constantine (detail),"1452-66, fresco, san francesco, arezzo","900*1040, true color, 181 kb",https://www.wga.hu/art/p/piero/2/4/4vision5.jpg
31500,PIERO DELLA FRANCESCA,4. vision of constantine (detail),"1452-66, fresco, san francesco, arezzo","1000*1091, true color, 186 kb",https://www.wga.hu/art/p/piero/2/4/4vision6.jpg
31501,PIERO DELLA FRANCESCA,3. burial of the holy wood (detail),"1452-66, fresco, san francesco, arezzo","800*938, true color, 159 kb",https://www.wga.hu/art/p/piero/2/3/3burial3.jpg
31502,PIERO DELLA FRANCESCA,5. constantine's victory over maxentius (detail),"1452-66, fresco, san francesco, arezzo","1106*1000, true color, 214 kb",https://www.wga.hu/art/p/piero/2/5/5maxen02.jpg